Metric,Value
ADF Statistic,-32.4013077295348
p-value,0.0
1%,-3.436879978012783
5%,-2.86442302475405
10%,-2.568305057578451
Stationarity Conclusion,Stationary (reject null)
